{
    "parent": "item/generated",
    "textures": {
        "layer0": "item/music_disc_pigstep"
    },
    "overrides": [
        {
            "predicate": {
                "custom_model_data": 1
            },
            "model": "smmd:item/music_disc_impeded"
        },
        {
            "predicate": {
                "custom_model_data": 2
            },
            "model": "item/music_disc_relic"
        },
        {
            "predicate": {
                "custom_model_data": 3
            },
            "model": "smmd:item/wtfisthis"
        },
        {
            "predicate": {
                "custom_model_data": 4
            },
            "model": "smmd:item/music_disc_apotheosis"
        },
        {
            "predicate": {
                "custom_model_data": 5
            },
            "model": "smmd:item/music_disc_clear_sky"
        },
        {
            "predicate": {
                "custom_model_data": 6
            },
            "model": "smmd:item/music_disc_clear_sky_night"
        }
    ]
}
