{
    "disc.impeded": {
        "sounds": [
            {
                "name": "smmd:record/impeded",
                "stream": true
            }
        ]
    },
    "disc.ultraviolet": {
        "sounds": [
            {
                "name": "smmd:record/ultraviolet",
                "stream": true
            }
        ]
    },
    "disc.kevintechnospam": {
        "sounds": [
            {
                "name": "smmd:record/kevintechnospam",
                "stream": true
            }
        ]
    }
}
