{
    "type": "minecraft:crafting_shaped",
    "category": "misc",
    "key": {
      "1": {
        "item": "minecraft:music_disc_11"
      },
      "q": {
        "item": "minecraft:quartz"
      },
      "t": {
        "item": "minecraft:tnt"
      },
      "s": {
        "item": "minecraft:nether_star"
      },
      "e": {
        "item": "minecraft:elytra"
      }
    },
    "pattern": [
      "1s1",
      "qsq",
      "tet"
    ],
    "result": {
      "count": 1,
      "id": "minecraft:music_disc_pigstep",
      "components": {
        "custom_model_data": 4,
        "jukebox_playable": {
            "song": "smmd:apotheosis"
        }
      }
    }
  }
