{
    "type": "minecraft:crafting_shaped",
    "category": "misc",
    "key": {
      "e": {
        "item": "minecraft:end_stone"
      },
      "p": {
        "item": "minecraft:music_disc_pigstep"
      },
      "o": {
        "item": "minecraft:fire_charge"
      }
    },
    "pattern": [
      "eoe",
      "opo",
      "eoe"
    ],
    "result": {
      "count": 1,
      "id": "minecraft:music_disc_pigstep",
      "components": {
        "custom_model_data": 8,
        "jukebox_playable": {
            "song": "smmd:pinball_purgatory"
        }
      }
    }
  }
