{
  "type": "minecraft:crafting_shapeless",
  "category": "misc",
  "ingredients": [
    {
      "item": "minecraft:quartz"
    },
    {
      "item": "minecraft:quartz"
    },
    {
      "item": "minecraft:quartz"
    },
    {
      "item": "minecraft:quartz"
    },
    {
      "item": "minecraft:music_disc_relic"
    },
    {
      "item": "minecraft:fire_charge"
    },
    {
      "item": "minecraft:fire_charge"
    },
    {
      "item": "minecraft:fire_charge"
    },
    {
      "item": "minecraft:fire_charge"
    }
  ],
  "result": {
    "count": 1,
    "id": "minecraft:music_disc_pigstep",
    "components": {
      "custom_model_data": 9,
      "jukebox_playable": {
          "song": "smmd:infrared"
      },
      "item_name": "{\"text\":\"Abaddon\",\"color\":\"red\"}"
    }
  }
}