{
    "type": "minecraft:crafting_shaped",
    "category": "misc",
    "key": {
      "g": {
        "item": "minecraft:gold_ingot"
      },
      "q": {
        "item": "minecraft:quartz"
      },
      "f": {
        "item": "minecraft:fire_charge"
      },
      "p": {
        "item": "minecraft:music_disc_pigstep"
      },
      "o": {
        "item": "minecraft:obsidian"
      }
    },
    "pattern": [
      "gqg",
      "fpf",
      "ooo"
    ],
    "result": {
      "count": 1,
      "id": "minecraft:music_disc_pigstep",
      "components": {
        "jukebox_playable": {
            "song": "smmd:ultraviolet"
        }
      }
    }
  }
