{
    "type": "minecraft:entity",
    "pools": [
      {
        "bonus_rolls": 0.0,
        "entries": [
          {
            "type": "minecraft:item",
            "name": "minecraft:sculk_catalyst"
          }
        ],
        "rolls": 1.0
      },
      {
        "bonus_rolls": 0.0,
        "entries": [
          {
            "type": "minecraft:empty",
            "weight": 4
          },
          {
            "type": "minecraft:item",
            "name": "minecraft:music_disc_pigstep",
            "functions": [
                {
                    "function": "set_components",
                    "components": {
                        "custom_model_data": 7,
                        "jukebox_playable": {
                            "song": "smmd:universal_collapse"
                        }
                    }
                }
            ]
          }
        ],
        "rolls": 1.0
      }
    ],
    "random_sequence": "minecraft:entities/warden"
}