{
    "type": "minecraft:crafting_shaped",
    "category": "misc",
    "key": {
      "#": {
        "item": "minecraft:snowball"
      },
      "X": {
        "item": "minecraft:music_disc_otherside"
      }
    },
    "pattern": [
      " # ",
      "#X#",
      " # "
    ],
    "result": {
      "count": 1,
      "id": "minecraft:music_disc_pigstep",
      "components": {
        "custom_model_data": 1,
        "jukebox_playable": {
            "song": "smmd:impeded"
        }
      }
    }
  }
