{
    "disc.impeded": {
        "sounds": [
            {
                "name": "smmd:record/impeded",
                "stream": true
            }
        ]
    },
    "disc.ultraviolet": {
        "sounds": [
            {
                "name": "smmd:record/ultraviolet",
                "stream": true
            }
        ]
    },
    "disc.kevintechnospam": {
        "sounds": [
            {
                "name": "smmd:record/kevintechnospam",
                "stream": true
            }
        ]
    },
    "disc.apotheosis": {
        "sounds": [
            {
                "name": "smmd:record/apotheosis",
                "stream": true
            }
        ]
    },
    "disc.wtfisthis": {
        "sounds": [
            {
                "name": "smmd:record/wtfisthis",
                "stream": true
            }
        ]
    },
    "disc.clear_sky": {
        "sounds": [
            {
                "name": "smmd:record/clear_sky",
                "stream": true
            }
        ]
    },
    "disc.clear_sky_night_version": {
        "sounds": [
            {
                "name": "smmd:record/clear_sky_night_version",
                "stream": true
            }
        ]
    },
    "disc.wtfisthis2": {
        "sounds": [
            {
                "name": "smmd:record/wtfisthis2",
                "stream": true
            }
        ]
    },
    "disc.universal_collapse": {
        "sounds": [
            {
                "name": "smmd:record/universal_collapse",
                "stream": true
            }
        ]
    }
}
